SET SQL_MODE = "NO_AUTO_VALUE_ON_ZERO";
SET AUTOCOMMIT = 0;
START TRANSACTION;
SET time_zone = "+00:00";

/*!40101 SET @OLD_CHARACTER_SET_CLIENT=@@CHARACTER_SET_CLIENT */;
/*!40101 SET @OLD_CHARACTER_SET_RESULTS=@@CHARACTER_SET_RESULTS */;
/*!40101 SET @OLD_COLLATION_CONNECTION=@@COLLATION_CONNECTION */;
/*!40101 SET NAMES utf8mb4 */;


INSERT INTO `datos_identificacions` (`id`, `curp`, `apellido_materno`, `apellido_paterno`, `nombres`, `matricula_expediente`, `sexo`, `unidad_medica`, `consultorio`, `localidad_nacimiento`, `fecha_nacimiento`, `calle`, `numero`, `localidad`, `estado`) VALUES
('GORM001017HDGMNA1', 'GORM001017HDGMNA1', 'GOMEZ', 'RENTERIA', 'MIGUEL ANGEL', '1803150818', 'HOMBRE', 50, '27', 'Durango', '2019-11-13', 'calle cerrada', 244, 'Ocampo', 'Durango'),
('JORM000717HDGMNGA1', 'JORM000717HDGMNGA1', 'JIMENEZ', 'RODRIGUEZ', 'MARIO JOSE', '1017', 'HOMBRE', 23, '17', 'DURANGO', '2000-07-17', 'CALLE 15', 72, 'DURANGO', 'DURANGO'),
('SISS001014MDGMNGA1', 'SISS001014MDGMNGA1', 'SIFUENTES', 'SANCHEZ', 'SOFIA XIMENA', '4321', 'MUJER', 54, '10', 'DURANGO', '2000-10-14', 'DURANGO', 123, 'DURANGO', 'DURANGO');

INSERT INTO `esquema_vacunacion` (`id_vacuna_aplicada`, `curp`, `id_vacuna`, `fecha`) VALUES
(1, 'GORM001017HDGMNA1', 1, '2000-10-18 05:00:00'),
(2, 'GORM001017HDGMNA1', 4, '2001-04-18 05:00:00'),
(3, 'JORM000717HDGMNGA1', 1, '2000-07-18 05:00:00'),
(4, 'SISS001014MDGMNGA1', 1, '2000-10-14 05:00:00'),
(5, 'SISS001014MDGMNGA1', 3, '2001-02-17 06:00:00');

INSERT INTO `vacuna` (`id_vacuna`, `nombre_vacuna`, `dosis`, `edad_dosis`, `enfermedad_prevenida`) VALUES
(1, 'BCG', 'UNICA', 0, 'TUBERCULOSIS'),
(2, 'HEPATITIS B', 'PRIMERA', 0, 'HEPATITIS B'),
(3, 'HEPATITIS B', 'SEGUNDA', 2, 'HEPATITIS B'),
(4, 'HEPATITIS B', 'TERCERA', 6, 'HEPATITIS B'),
(5, 'PETAVELENTE', 'PRIMERA', 2, 'DIFTERIA, TOS FERINA, TÉTANOS, POLIOMIELITIS E INFECCIONES POR H. influenzae b'),
(6, 'PETAVELENTE', 'SEGUNDA', 4, 'DIFTERIA, TOS FERINA, TÉTANOS, POLIOMIELITIS E INFECCIONES POR H. influenzae b'),
(7, 'PETAVELENTE', 'TERCERA', 6, 'DIFTERIA, TOS FERINA, TÉTANOS, POLIOMIELITIS E INFECCIONES POR H. influenzae b'),
(8, 'PETAVELENTE', 'CUARTA', 18, 'DIFTERIA, TOS FERINA, TÉTANOS, POLIOMIELITIS E INFECCIONES POR H. influenzae b'),
(9, 'DPT', 'REFUERZO', 48, 'DIFTERIA, TOS FERINA Y TÉTANOS'),
(10, 'ROTAVIRUS', 'PRIMERA', 2, 'DIARREA POR ROTAVIRUS'),
(11, 'ROTAVIRUS', 'SEGUNDA', 4, 'DIARREA POR ROTAVIRUS'),
(12, 'ROTAVIRUS', 'TERCERA', 6, 'DIARREA POR ROTAVIRUS');
COMMIT;

/*!40101 SET CHARACTER_SET_CLIENT=@OLD_CHARACTER_SET_CLIENT */;
/*!40101 SET CHARACTER_SET_RESULTS=@OLD_CHARACTER_SET_RESULTS */;
/*!40101 SET COLLATION_CONNECTION=@OLD_COLLATION_CONNECTION */;
